Workbook

Sheet Hoja1
AM1: * | AN1: 1M
A2: Evolución indicadores | C2: 43800 | D2: 43831 | E2: 43862 | F2: 43891 | G2: 43922 | H2: 43952 | I2: 43983 | J2: 44013 | K2: 44044 | L2: 44075 | M2: 44105 | N2: 44136 | O2: 44166 | P2: 44197 | Q2: 44228 | R2: 44256 | S2: 44287 | T2: 44317 | U2: 44348 | V2: 44378 | W2: 44409 | X2: 44440 | Y2: 44470 | Z2: 44501 | AA2: 44531 | AB2: 44562 | AC2: 44593 | AD2: 44621 | AE2: 44652 | AF2: 44682 | AG2: 44713 | AH2: 44743 | AI2: 44774 | AJ2: 44805 | AK2: 44835 | AL2: 44866 | AM2: 44896 | AN2: 44927 | AO2: 44958 | AP2: 44995 | AQ2: 45026 | AR2: 45056 | AS2: 45078 | AT2: 45108 | AU2: 45139 | AV2: 45170 | AW2: 45200 | AX2: 45231 | AY2: 45261 | AZ2: 45292 | BA2: 45323 | BB2: 45352 | BC2: 45383 | BD2: 45413 | BE2: 45444 | BF2: 45474 | BG2: 45505 | BH2: 45536 | BI2: 45566 | BJ2: 45597 | BK2: 45627 | BL2: 45658 | BM2: 45689 | BN2: 45717 | BO2: 45748 | BP2: 45778 | BQ2: 45809 | BR2: 45839 | BS2: 45870 | BT2: 45901 | BU2: 45931 | BV2: 45962 | BW2: 45992
A3: IBR plazo un mes | C3: 4.25075 | D3: 4.2528095 | E3: 4.2522 | F3: 4.1365714 | G3: 3.3949 | H3: 2.9670526 | I3: 2.5683684 | J3: 2.3429091 | K3: 2.1171579 | L3: 1.919285 | M3: 1.75 | N3: 1.75 | O3: 1.75 | P3: 1.69 | Q3: 1.75 | R3: 1.744 | S3: 1.737 | T3: 1.756 | U3: 1.756 | V3: 1.751 | W3: 1.779 | X3: 2.057 | Y3: 2.424 | Z3: 2.672 | AA3: 3.049 | AB3: 4.004 | AC3: 4.107 | AD3: 5.467 | AE3: 6.046 | AF3: 6.018 | AG3: 7.497 | AH3: 8.983 | AI3: 9 | AJ3: 10.029 | AK3: 10.43 | AL3: 11 | AM3: 11.997 | AN3: 12.739 | AO3: 12.751 | AP3: 12.992 | AQ3: 13.117 | AR3: 13.252 | AS3: 13.247 | AT3: 13.244 | AU3: 13.25 | AV3: 13.245 | AW3: 13.245 | AX3: 13.247 | AY3: 12.95 | AZ3: 12.62 | BA3: 12.43 | BB3: 12.311 | BC3: 11.77 | BD3: 11.52 | BE3: 11.22 | BF3: 10.738 | BG3: 10.733 | BH3: 10.17 | BI3: 9.73 | BJ3: 9.591 | BK3: 9.506 | BL3: 9.355 | BM3: 9.463 | BN3: 9.418 | BO3: 9.26 | BP3: 9.23 | BQ3: 9.249 | BR3: 9.253 | BS3: 9.248 | BT3: 9.255 | BU3: 9.25 | BV3: 9.172 | BW3: 9.411
A4: IBR plazo un mes PY (implicitas en SWAPS overnight) | O4: 1.75 | P4: 1.73 | Q4: 1.74 | R4: 1.66 | S4: 1.73 | T4: 1.76 | U4: 1.75 | V4: 1.76 | W4: 1.99 | X4: 2.01 | Y4: 2.03 | Z4: 2.53 | AA4: 2.99 | AB4: 3.01 | AC4: 4 | AD4: 4.01 | AE4: 5.98 | AF4: 5.95 | AG4: 5.34 | AH4: 7.51 | AI4: 9.01 | AJ4: 8.98 | AK4: 10.04 | AL4: 10.945 | AM4: 11.968 | AN4: 11.99 | AO4: 12.2 | AP4: 12.342 | AS4: 12.559 | AT4: 12.559 | AU4: 12.559 | AV4: 12.76 | AW4: 12.76 | AX4: 12.76 | AY4: 12.76 | AZ4: 12.76 | BA4: 12.76 | BB4: 12.76 | BC4: 12.76 | BD4: 12.76 | BE4: 12.76 | BF4: 12.76 | BG4: 12.76 | BH4: 12.76 | BI4: 12.76 | BJ4: 12.76 | BK4: 12.76 | BL4: 12.76 | BM4: 12.76 | BN4: 12.76 | BO4: 12.76 | BP4: 12.76 | BQ4: 12.76 | BR4: 12.76 | BS4: 12.76 | BT4: 12.76 | BU4: 12.76 | BV4: 12.76
A5: IBR PY
A6: REPO | C6: 4.25 | D6: 4.25 | E6: 4.25 | F6: 3.75 | G6: 3.75 | H6: 3.25 | I6: 2.75 | J6: 2.5 | K6: 2.25 | L6: 2 | M6: 1.75 | N6: 1.75 | O6: 1.75 | P6: 1.75 | Q6: 1.75 | R6: 1.75 | S6: 1.75 | T6: 1.75 | U6: 1.75 | V6: 1.75 | W6: 1.75 | X6: 1.75 | Y6: 2 | Z6: 2.5 | AA6: 3 | AB6: 4 | AC6: 4 | AD6: 5 | AE6: 6 | AF6: 6 | AG6: 6 | AH6: 7.5 | AI6: 9 | AJ6: 10 | AK6: 11 | AL6: 12 | AM6: 12 | AN6: 12.75 | AO6: 12.75 | AP6: 13 | AQ6: 13.25 | AR6: 13.25 | AS6: 13.25 | AT6: 13.25 | AU6: 13.25 | AV6: 13.25 | AW6: 13.25 | AX6: 13.25 | AY6: 13 | AZ6: 12.75 | BA6: 12.75 | BB6: 12.25 | BC6: 11.75 | BD6: 11.75 | BE6: 11.25 | BF6: 11.25 | BG6: 10.75 | BH6: 10.25 | BI6: 9.75 | BJ6: 9.75 | BK6: 9.5 | BL6: 9.5 | BM6: 9.5 | BN6: 9.5 | BO6: 9.25 | BP6: 9.25 | BQ6: 9.25 | BR6: 9.25 | BS6: 9.25 | BT6: 9.25 | BU6: 9.25 | BV6: 9.25 | BW6: 9.25
A7: IPC | C7: 3.8 | D7: 3.62 | E7: 3.72 | F7: 3.86 | G7: 3.51 | H7: 2.85 | I7: 2.19 | J7: 1.97 | K7: 1.88 | L7: 1.97 | M7: 1.75 | N7: 1.49 | O7: 1.61 | P7: 1.6 | Q7: 1.56 | R7: 1.51 | S7: 1.95 | T7: 3.3 | U7: 3.63 | V7: 3.97 | W7: 4.44 | X7: 4.51 | Y7: 4.58 | Z7: 5.26 | AA7: 5.62 | AB7: 6.94 | AC7: 8.01 | AD7: 8.53 | AE7: 9.23 | AF7: 9.07 | AG7: 9.67 | AH7: 10.21 | AI7: 10.84 | AJ7: 11.44 | AK7: 12.22 | AL7: 12.53 | AM7: 13.12 | AN7: 13.25 | AO7: 13.28 | AP7: 13.34 | AQ7: 12.82 | AR7: 12.36 | AS7: 12.13 | AT7: 11.78 | AU7: 11.43 | AV7: 10.99 | AW7: 10.48 | AX7: 10.15 | AY7: 9.28 | AZ7: 8.35 | BA7: 7.74 | BB7: 7.36 | BC7: 7.16 | BD7: 7.16 | BE7: 7.18 | BF7: 6.86 | BG7: 6.12 | BH7: 5.81 | BI7: 5.41 | BJ7: 5.2 | BK7: 5.2 | BL7: 5.22 | BM7: 5.28 | BN7: 5.09 | BO7: 5.16 | BP7: 5.05 | BQ7: 4.82 | BR7: 4.9 | BS7: 5.1 | BT7: 5.18 | BU7: 5.51 | BV7: 5.3 | BW7: 5.1
A8: DTF | C8: 4.52 | D8: 4.54 | E8: 4.46 | F8: 4.5 | G8: 4.55 | H8: 4.29 | I8: 3.76 | J8: 3.34 | K8: 2.79 | L8: 2.39 | M8: 2.03 | N8: 1.96 | O8: 1.93 | P8: 1.91 | Q8: 1.81 | R8: 1.77 | S8: 1.76 | T8: 1.82 | U8: 1.91 | V8: 1.9 | W8: 1.99 | X8: 2.05 | Y8: 2.22 | Z8: 2.65 | AA8: 3.08 | AB8: 3.47 | AC8: 4.31 | AD8: 4.97 | AE8: 5.97 | AF8: 7.04 | AG8: 7.72 | AH8: 9.3 | AI8: 10.57 | AJ8: 10.99 | AK8: 11.6 | AL8: 12.63 | AM8: 13.42 | AN8: 13.91 | AO8: 14.39 | AP8: 13.31 | AQ8: 12.53 | AR8: 12.57 | AS8: 13.02 | AT8: 13.58 | AU8: 13.71 | AV8: 13.07 | AW8: 13.09 | AX8: 12.76 | AY8: 12.63 | AZ8: 11.62 | BA8: 11.07 | BB8: 10.85 | BC8: 10.56 | BD8: 10.24 | BE8: 10.14 | BF8: 10.08 | BG8: 9.9 | BH8: 9.68 | BI8: 9.44 | BJ8: 9.27 | BK8: 9.22 | BL8: 9.22 | BM8: 9.41 | BN8: 9.15 | BO8: 9.12 | BP8: 8.92 | BQ8: 8.96 | BR8: 8.92 | BS8: 8.82 | BT8: 8.76 | BU8: 8.65 | BV8: 8.65 | BW8: 9
A9: Diferencia entre IPC y REPO | AB9: =AB7-AB6 -> 2.94 | AC9: =AC7-AC6 -> 4.01 | AD9: =AD7-AD6 -> 3.53 | AE9: =AE7-AE6 -> 3.23 | AF9: =AF7-AF6 -> 3.07 | AG9: =AG7-AG6 -> 3.67 | AH9: =AH7-AH6 -> 2.71 | AI9: =AI7-AI6 -> 1.84 | ... BW9: =BW7-BW6 -> -4.15
AC12: ACTUALIZADO
A35: Fuentes:
A36: IBR plazo un mes | B36: https://totoro.banrep.gov.co/analytics/saw.dll?Download&Format=excel2007&Extension=.xlsx&BypassCache=true&path=%2Fshared%2fSeries%20Estad%c3%adsticas_T%2F1.%20IBR%2F%201.2.IBR_Plazo%20un%20mes%20nominal%20para%20un%20rango%20de%20fechas%20dado%20IQY&lang=es&NQUser=publico&NQPassword=publico123&SyncOperation=1
A37: IBR plazo un mes py | B37: https://investigaciones.corficolombiana.com/macroeconomia-y-mercados?tab=publicaciones | L37: (Se busca el Informe semanal - PDF)
B38: Título: "Tasa IBR overnight implícita en los swaps (Tasas E.A.)"
A39: REPO (TIP) | B39: https://totoro.banrep.gov.co/analytics/saw.dll?Download&Format=excel2007&Extension=.xlsx&BypassCache=true&path=%2Fshared%2fSeries%20Estad%c3%adsticas_T%2F1.%20Tasa%20de%20intervenci%C3%B3n%20de%20pol%C3%ADtica%20monetaria%2F1.1.TIP_Serie%20hist%C3%B3rica%20seg%C3%BAn%20fecha%20de%20modificaci%C3%B3n%20IQY&lang=es&NQUser=publico&NQPassword=publico123&SyncOperation=1
A40: IPC | B40: https://totoro.banrep.gov.co/analytics/saw.dll?Download&Format=excel2007&Extension=.xls&BypassCache=true&lang=es&NQUser=publico&NQPassword=publico123&path=%2Fshared%2FSeries%20Estad%C3%ADsticas_T%2F1.%20IPC%20base%202018%2F1.2.%20Por%20a%C3%B1o%2F1.2.5.IPC_Serie_variaciones | I40: Inflación anual
A41: DTF | B41: https://totoro.banrep.gov.co/analytics/saw.dll?Download&Format=excel2007&Extension=.xls&BypassCache=true&path=%2Fshared%2FSeries%20Estad%C3%ADsticas_T%2F1.%20Tasas%20de%20Captaci%C3%B3n%2F1.1%20Serie%20empalmada%2F1.1.3%20Mensuales%20-%20(Desde%20enero%20de%201986)%2F1.1.3.1.TCA_Para%20un%20rango%20de%20fechas%20dado%20(DTF)%20IQY&NQUser=publico&NQPassword=publico123&SyncOperation=1
A42: Fuente principal: | B42: https://www.banrep.gov.co/es/catalogo-estadisticas-disponibles#ibr

Sheet datos
B2: Evolución indicadores | C2: =+Hoja1!C2 -> 43800 | D2: =+Hoja1!D2 -> 43831 | E2: =+Hoja1!E2 -> 43862 | F2: =+Hoja1!F2 -> 43891 | G2: =+Hoja1!G2 -> 43922 | H2: =+Hoja1!H2 -> 43952 | I2: =+Hoja1!I2 -> 43983 | J2: =+Hoja1!J2 -> 44013 | ... AI2: =+Hoja1!AI2 -> 44774 | AJ2: =+Hoja1!AS2 -> 45078 | AK2: =+Hoja1!AT2 -> 45108 | AL2: =+Hoja1!AU2 -> 45139 | AM2: =+Hoja1!AV2 -> 45170 | AN2: =+Hoja1!AW2 -> 45200 | AO2: =+Hoja1!AX2 -> 45231 | AP2: =+Hoja1!AY2 -> 45261 | AQ2: =+Hoja1!AZ2 -> 45292 | ... BF2: =+Hoja1!BO2 -> 45748
B3: IBR plazo un mes | C3: =Hoja1!C3 -> 4.25075 | D3: =Hoja1!D3 -> 4.2528095 | E3: =Hoja1!E3 -> 4.2522 | F3: =Hoja1!F3 -> 4.1365714 | G3: =Hoja1!G3 -> 3.3949 | H3: =Hoja1!H3 -> 2.9670526 | I3: =Hoja1!I3 -> 2.5683684 | J3: =Hoja1!J3 -> 2.3429091 | ... AI3: =Hoja1!AI3 -> 9 | AJ3: =Hoja1!AS3 -> 13.247 | AK3: =Hoja1!AT3 -> 13.244 | AL3: =Hoja1!AU3 -> 13.25 | AM3: =Hoja1!AV3 -> 13.245 | AN3: =Hoja1!AW3 -> 13.245 | AO3: =Hoja1!AX3 -> 13.247 | AP3: =Hoja1!AY3 -> 12.95 | AQ3: =Hoja1!AZ3 -> 12.62 | ... BF3: =Hoja1!BO3 -> 9.26
B4: IBR plazo un mes PY (implicitas en SWAPS overnight) | C4: =Hoja1!C4 -> 0 | D4: =Hoja1!D4 -> 0 | E4: =Hoja1!E4 -> 0 | F4: =Hoja1!F4 -> 0 | G4: =Hoja1!G4 -> 0 | H4: =Hoja1!H4 -> 0 | I4: =Hoja1!I4 -> 0 | J4: =Hoja1!J4 -> 0 | ... AI4: =Hoja1!AI4 -> 9.01 | AJ4: =Hoja1!AS4 -> 12.559 | AK4: =Hoja1!AT4 -> 12.559 | AL4: =Hoja1!AV4 -> 12.76 | AM4: =Hoja1!AW4 -> 12.76 | AN4: =Hoja1!AX4 -> 12.76 | AO4: =Hoja1!AY4 -> 12.76 | AP4: =Hoja1!AZ4 -> 12.76 | AQ4: =Hoja1!BA4 -> 12.76 | AR4: =Hoja1!BB4 -> 12.76 | AS4: =Hoja1!BC4 -> 12.76 | ... BF4: =Hoja1!BP4 -> 12.76
B5: IBR PY | C5: =Hoja1!C5 -> 0 | D5: =Hoja1!D5 -> 0 | E5: =Hoja1!E5 -> 0 | F5: =Hoja1!F5 -> 0 | G5: =Hoja1!G5 -> 0 | H5: =Hoja1!H5 -> 0 | I5: =Hoja1!I5 -> 0 | J5: =Hoja1!J5 -> 0 | ... AI5: =Hoja1!AI5 -> 0 | AJ5: =Hoja1!AS5 -> 0 | AK5: =Hoja1!AT5 -> 0 | AL5: =Hoja1!AV5 -> 0 | AM5: =Hoja1!AW5 -> 0 | AN5: =Hoja1!AX5 -> 0 | AO5: =Hoja1!AY5 -> 0 | AP5: =Hoja1!AZ5 -> 0 | AQ5: =Hoja1!BA5 -> 0 | AR5: =Hoja1!BB5 -> 0 | AS5: =Hoja1!BC5 -> 0 | ... BF5: =Hoja1!BP5 -> 0
B6: REPO | C6: =Hoja1!C6 -> 4.25 | D6: =Hoja1!D6 -> 4.25 | E6: =Hoja1!E6 -> 4.25 | F6: =Hoja1!F6 -> 3.75 | G6: =Hoja1!G6 -> 3.75 | H6: =Hoja1!H6 -> 3.25 | I6: =Hoja1!I6 -> 2.75 | J6: =Hoja1!J6 -> 2.5 | ... AI6: =Hoja1!AI6 -> 9 | AJ6: =Hoja1!AS6 -> 13.25 | AK6: =Hoja1!AT6 -> 13.25 | AL6: =Hoja1!AU6 -> 13.25 | AM6: =Hoja1!AV6 -> 13.25 | AN6: =Hoja1!AW6 -> 13.25 | AO6: =Hoja1!AX6 -> 13.25 | AP6: =Hoja1!AY6 -> 13 | AQ6: =Hoja1!AZ6 -> 12.75 | ... BF6: =Hoja1!BO6 -> 9.25
B7: IPC | C7: =Hoja1!C7 -> 3.8 | D7: =Hoja1!D7 -> 3.62 | E7: =Hoja1!E7 -> 3.72 | F7: =Hoja1!F7 -> 3.86 | G7: =Hoja1!G7 -> 3.51 | H7: =Hoja1!H7 -> 2.85 | I7: =Hoja1!I7 -> 2.19 | J7: =Hoja1!J7 -> 1.97 | ... AI7: =Hoja1!AI7 -> 10.84 | AJ7: =Hoja1!AS7 -> 12.13 | AK7: =Hoja1!AT7 -> 11.78 | AL7: =Hoja1!AU7 -> 11.43 | AM7: =Hoja1!AV7 -> 10.99 | AN7: =Hoja1!AW7 -> 10.48 | AO7: =Hoja1!AX7 -> 10.15 | AP7: =Hoja1!AY7 -> 9.28 | AQ7: =Hoja1!AZ7 -> 8.35 | ... BF7: =Hoja1!BO7 -> 5.16
B8: DTF | C8: =Hoja1!C8 -> 4.52 | D8: =Hoja1!D8 -> 4.54 | E8: =Hoja1!E8 -> 4.46 | F8: =Hoja1!F8 -> 4.5 | G8: =Hoja1!G8 -> 4.55 | H8: =Hoja1!H8 -> 4.29 | I8: =Hoja1!I8 -> 3.76 | J8: =Hoja1!J8 -> 3.34 | ... AI8: =Hoja1!AI8 -> 10.57 | AJ8: =Hoja1!AS8 -> 13.02 | AK8: =Hoja1!AT8 -> 13.58 | AL8: =Hoja1!AU8 -> 13.71 | AM8: =Hoja1!AV8 -> 13.07 | AN8: =Hoja1!AW8 -> 13.09 | AO8: =Hoja1!AX8 -> 12.76 | AP8: =Hoja1!AY8 -> 12.63 | AQ8: =Hoja1!AZ8 -> 11.62 | ... BF8: =Hoja1!BO8 -> 9.12
B9: =Hoja1!$A$9 -> Diferencia entre IPC y REPO | C9: =Hoja1!$A$9 -> Diferencia entre IPC y REPO | D9: =Hoja1!$A$9 -> Diferencia entre IPC y REPO | E9: =Hoja1!$A$9 -> Diferencia entre IPC y REPO | F9: =Hoja1!$A$9 -> Diferencia entre IPC y REPO | G9: =Hoja1!$A$9 -> Diferencia entre IPC y REPO | H9: =Hoja1!$A$9 -> Diferencia entre IPC y REPO | I9: =Hoja1!$A$9 -> Diferencia entre IPC y REPO | ... AI9: =Hoja1!$A$9 -> Diferencia entre IPC y REPO | AJ9: =Hoja1!AS9 -> -1.12 | AK9: =Hoja1!AT9 -> -1.47 | AL9: =Hoja1!AU9 -> -1.82 | AM9: =Hoja1!AV9 -> -2.26 | AN9: =Hoja1!AW9 -> -2.77 | AO9: =Hoja1!AX9 -> -3.1 | AP9: =Hoja1!AY9 -> -3.72 | AQ9: =Hoja1!AZ9 -> -4.4 | ... BF9: =Hoja1!BO9 -> -4.09
